primary_id,res_name,meter_name,meter_phase,meter_nominal_voltage,meter_measured_current_A,meter_measured_current_B,meter_measured_current_C,meter_measured_real_power,meter_measured_reactive_power,inverter_generator_mode,inverter_generator_status,inverter_inverter_type,inverter_power_factor,inverter_phases,inverter_rated_power,solar_name,solar_gen_status,solar_install_type,solar_panel_type,solar_gen_mode,solar_power_type,solar_a_coeff,solar_b_coeff,solar_dT_coeff,solar_T_coeff,solar_Tambient,solar_wind_speed,solar_ambient_temperature,solar_Insolation,solar_V_Out,solar_I_Out,solar_VA_Out,solar_efficiency,solar_area,wind_name,wind_Gen_status,wind_Gen_type,wind_Gen_mode,wind_Turbine_Model,battery_name,battery_generator_mode,battery_V_Max,battery_I_Max,battery_P_Max,battery_E_Max,battery_base_efficiency,battery_parasitic_power_draw,battery_power_type,battery_generator_status,battery_Energy,battery_power_factor,date,min,value
1,res1,meterwind1,ABCN,120,,,,,,CONSTANT_PF,OFFLINE,PWM,1,ABCN,25000,Solar1,OFFLINE,ROOF_MOUNTED,SINGLE_CRYSTAL_SILICON,SUPPLY_DRIVEN,,,,,,,,,,,,,0.2,40,windturb1,ONLINE,SYNCHRONOUS,CONSTANTP,GENERIC_SYNCH_SMALL,battery1,CONSTANT_PQ,2650,500,50000,250000,0.86,20,DC,OFFLINE,250000,1,1/1/2000,0-1,0.5
2,res2,meterwind2,ABCN,120,,,,,,CONSTANT_PF,OFFLINE,PWM,1,ABCN,25000,Solar2,OFFLINE,ROOF_MOUNTED,SINGLE_CRYSTAL_SILICON,SUPPLY_DRIVEN,,,,,,,,,,,,,0.2,40,windturb2,ONLINE,SYNCHRONOUS,CONSTANTP,GENERIC_SYNCH_SMALL,battery2,CONSTANT_PQ,2650,500,50000,250000,0.86,20,DC,OFFLINE,250000,1,1/1/2000,0-1,0.5
3,res3,meterwind3,ABCN,120,,,,,,CONSTANT_PF,OFFLINE,PWM,1,ABCN,25000,Solar3,OFFLINE,ROOF_MOUNTED,SINGLE_CRYSTAL_SILICON,SUPPLY_DRIVEN,,,,,,,,,,,,,0.2,40,windturb3,ONLINE,SYNCHRONOUS,CONSTANTP,GENERIC_SYNCH_SMALL,battery3,CONSTANT_PQ,2650,500,50000,250000,0.86,20,DC,OFFLINE,250000,1,1/1/2000,0-1,0.5
4,res4,meterpv1,ABCN,120,,,,,,CONSTANT_PF,ONLINE,PWM,1,ABCN,25000,Solar4,ONLINE,ROOF_MOUNTED,SINGLE_CRYSTAL_SILICON,SUPPLY_DRIVEN,,,,,,,,,,,,,0.2,40,windturb4,OFFLINE,SYNCHRONOUS,CONSTANTP,GENERIC_SYNCH_SMALL,battery4,CONSTANT_PQ,2650,500,50000,250000,0.86,20,DC,OFFLINE,250000,1,1/1/2000,0-1,0.5
5,res5,meterpv2,ABCN,120,,,,,,CONSTANT_PF,ONLINE,PWM,1,ABCN,25000,Solar5,ONLINE,ROOF_MOUNTED,SINGLE_CRYSTAL_SILICON,SUPPLY_DRIVEN,,,,,,,,,,,,,0.2,40,windturb5,OFFLINE,SYNCHRONOUS,CONSTANTP,GENERIC_SYNCH_SMALL,battery5,CONSTANT_PQ,2650,500,50000,250000,0.86,20,DC,OFFLINE,250000,1,1/1/2000,0-1,0.5
6,res6,meterpv3,ABCN,120,,,,,,CONSTANT_PF,ONLINE,PWM,1,ABCN,25000,Solar6,ONLINE,ROOF_MOUNTED,SINGLE_CRYSTAL_SILICON,SUPPLY_DRIVEN,,,,,,,,,,,,,0.2,40,windturb6,OFFLINE,SYNCHRONOUS,CONSTANTP,GENERIC_SYNCH_SMALL,battery6,CONSTANT_PQ,2650,500,50000,250000,0.86,20,DC,OFFLINE,250000,1,1/1/2000,0-1,0.5
7,res7,meterbattery1,ABCN,120,,,,,,CONSTANT_PF,OFFLINE,PWM,1,ABCN,25000,Solar7,OFFLINE,ROOF_MOUNTED,SINGLE_CRYSTAL_SILICON,SUPPLY_DRIVEN,,,,,,,,,,,,,0.2,40,windturb7,OFFLINE,SYNCHRONOUS,CONSTANTP,GENERIC_SYNCH_SMALL,battery7,CONSTANT_PQ,2650,500,50000,250000,0.86,20,DC,ONLINE,250000,1,1/1/2000,0-1,0.5
8,res8,meterbattery2,ABCN,120,,,,,,CONSTANT_PF,OFFLINE,PWM,1,ABCN,25000,Solar8,OFFLINE,ROOF_MOUNTED,SINGLE_CRYSTAL_SILICON,SUPPLY_DRIVEN,,,,,,,,,,,,,0.2,40,windturb8,OFFLINE,SYNCHRONOUS,CONSTANTP,GENERIC_SYNCH_SMALL,battery8,CONSTANT_PQ,2650,500,50000,250000,0.86,20,DC,ONLINE,250000,1,1/1/2000,0-1,0.5
9,res9,meterbattery3,ABCN,120,,,,,,CONSTANT_PF,OFFLINE,PWM,1,ABCN,25000,Solar9,OFFLINE,ROOF_MOUNTED,SINGLE_CRYSTAL_SILICON,SUPPLY_DRIVEN,,,,,,,,,,,,,0.2,40,windturb9,OFFLINE,SYNCHRONOUS,CONSTANTP,GENERIC_SYNCH_SMALL,battery9,CONSTANT_PQ,2650,500,50000,250000,0.86,20,DC,ONLINE,250000,1,1/1/2000,0-1,0.5
